id,RELEASETIME,FULLTIME,REPAYTIME,ITEM_NAME,ITEM_AMOUNT,ITEM_STATUS,ITEM_INTRODUCTION,LIFE_LOAN,MONEY_RATE,LOAN_TYPE,LOAN_USE,BONDING_COMPANY,DEADLINE,REPAYTYPE,BORROWER_NAME,BORROWER_SEX,BORROWER_AGE,BORROWER_EDUCATION,BORROWER_MARRIAGE,BORROWER_INDUSTRY,BORROWER_CITY,BORROWER_INCOME,BORROWER_HOUSE,BORROWER_CAR,REWARD
64376,2015-08-24,00天23时59分31秒,\N,资金周转5天_1508240926,30000,\N,\N,5天,7.3,\N,\N,\N,\N,一次性还款,\N,\N,\N,\N,\N,\N,\N,\N,\N,\N,\N
64377,\N,00天23时59分22秒,\N,V 5信誉标！ 上午9:30分还，最迟晚上10点前还清!,20000,\N,\N,5天,7.3,\N,\N,\N,\N,一次性还款,\N,\N,\N,\N,\N,\N,\N,\N,\N,\N,\N
64378,\N,00天23时59分17秒,\N,上午11点之前就还，从未食言，诚信第一,20000,\N,\N,5天,7.3,\N,\N,\N,\N,一次性还款,\N,\N,\N,\N,\N,\N,\N,\N,\N,\N,\N
64379,2015-08-24,已结束,\N,资金周转1个月_1508240926,20000,\N,\N,1个月,10.82,\N,\N,\N,\N,按月分期,\N,\N,\N,\N,\N,\N,\N,\N,\N,\N,\N
64380,\N,00天23时59分00秒,\N,白天还款，放心投标,10000,\N,\N,5天,7.3,\N,\N,\N,\N,一次性还款,\N,\N,\N,\N,\N,\N,\N,\N,\N,\N,\N
64381,2015-08-24,01天23时58分50秒,\N,资金周转5天_1508240926,2500,\N,\N,5天,7.3,\N,\N,\N,\N,一次性还款,\N,\N,\N,\N,\N,\N,\N,\N,\N,\N,\N
64382,\N,00天23时58分29秒,\N,下午5点前还，只会提前！,22700,\N,\N,5天,7.3,\N,\N,\N,\N,一次性还款,\N,\N,\N,\N,\N,\N,\N,\N,\N,\N,\N
64383,2015-08-24,01天23时58分17秒,\N,1个月_1508240925,6200,\N,\N,1个月,10.82,\N,\N,\N,\N,按月分期,\N,\N,\N,\N,\N,\N,\N,\N,\N,\N,\N
64384,2015-08-24,01天23时58分09秒,\N,资金周转5天_1508240925,10000,\N,\N,5天,7.3,\N,\N,\N,\N,一次性还款,\N,\N,\N,\N,\N,\N,\N,\N,\N,\N,\N
64385,2015-08-24,01天23时57分58秒,\N,资金周转1个月_1508240925,50000,\N,\N,1个月,10.78,\N,\N,\N,\N,按月分期,\N,\N,\N,\N,\N,\N,\N,\N,\N,\N,\N
64386,2015-08-24,01天23时57分31秒,\N,资金周转1个月_1508240925,20000,\N,\N,1个月,10.82,\N,\N,\N,\N,按月分期,\N,\N,\N,\N,\N,\N,\N,\N,\N,\N,\N
64387,2015-08-24,已结束,\N,资金周转1个月_1508240925,80000,\N,\N,1个月,10.83,\N,\N,\N,\N,按月分期,\N,\N,\N,\N,\N,\N,\N,\N,\N,\N,\N
64388,2015-08-24,00天23时57分16秒,\N,资金周转5天_1508240925,30000,\N,\N,5天,7.3,\N,\N,\N,\N,一次性还款,\N,\N,\N,\N,\N,\N,\N,\N,\N,\N,\N
64389,2015-08-24,01天23时57分13秒,\N,资金周转5天_1508240925,10000,\N,\N,5天,7.3,\N,\N,\N,\N,一次性还款,\N,\N,\N,\N,\N,\N,\N,\N,\N,\N,\N
64390,\N,01天23时56分57秒,\N,早上8点30分之前还款.最迟白天还！,20000,\N,\N,5天,7.3,\N,\N,\N,\N,一次性还款,\N,\N,\N,\N,\N,\N,\N,\N,\N,\N,\N
64391,\N,01天23时56分51秒,\N,上午12点前还 懒大哈天标没有最迟,30000,\N,\N,5天,7.3,\N,\N,\N,\N,一次性还款,\N,\N,\N,\N,\N,\N,\N,\N,\N,\N,\N
64392,\N,01天23时56分46秒,\N,V5信誉，早借早还,5000,\N,\N,5天,7.3,\N,\N,\N,\N,一次性还款,\N,\N,\N,\N,\N,\N,\N,\N,\N,\N,\N
64393,2015-08-24,01天23时56分42秒,\N,资金周转1个月_1508240925,5000,\N,\N,1个月,10.01,\N,\N,\N,\N,按月分期,\N,\N,\N,\N,\N,\N,\N,\N,\N,\N,\N
64394,\N,01天23时56分32秒,\N,V5信誉，早借早还,10000,\N,\N,5天,7.3,\N,\N,\N,\N,一次性还款,\N,\N,\N,\N,\N,\N,\N,\N,\N,\N,\N
64395,2015-08-24,01天23时56分23秒,\N,资金周转1个月_1508240925,150000,\N,\N,1个月,10.82,\N,\N,\N,\N,按月分期,\N,\N,\N,\N,\N,\N,\N,\N,\N,\N,\N
64396,2015-08-24,01天23时56分16秒,\N,资金周转1个月_1508240925,17957.18,\N,\N,1个月,10.82,\N,\N,\N,\N,按月分期,\N,\N,\N,\N,\N,\N,\N,\N,\N,\N,\N
64397,\N,00天23时56分08秒,\N,"上午还款,绝不食言",10000,\N,\N,6天,7.3,\N,\N,\N,\N,一次性还款,\N,\N,\N,\N,\N,\N,\N,\N,\N,\N,\N
64398,2015-08-24,01天23时56分04秒,\N,资金周转1个月_1508240925,11000,\N,\N,1个月,10.11,\N,\N,\N,\N,按月分期,\N,\N,\N,\N,\N,\N,\N,\N,\N,\N,\N
64399,\N,00天23时56分00秒,\N,"白天还款,从不失信,谢谢您支持!",10899.62,\N,\N,5天,7.3,\N,\N,\N,\N,一次性还款,\N,\N,\N,\N,\N,\N,\N,\N,\N,\N,\N
64400,2015-08-24,已结束,\N,资金周转1个月_1508240924,1000,\N,\N,1个月,10.68,\N,\N,\N,\N,按月分期,\N,\N,\N,\N,\N,\N,\N,\N,\N,\N,\N
64401,2015-08-24,已结束,\N,1个月_1508240924,6300,\N,\N,1个月,10.83,\N,\N,\N,\N,按月分期,\N,\N,\N,\N,\N,\N,\N,\N,\N,\N,\N
64402,2015-08-24,00天23时55分28秒,\N,资金周转5天_1508240924,550,\N,\N,5天,7.3,\N,\N,\N,\N,一次性还款,\N,\N,\N,\N,\N,\N,\N,\N,\N,\N,\N
64403,\N,00天23时55分20秒,\N,"上午12：00前还,只有更早",20000,\N,\N,5天,7.3,\N,\N,\N,\N,一次性还款,\N,\N,\N,\N,\N,\N,\N,\N,\N,\N,\N
64404,2015-08-24,01天23时55分18秒,\N,资金周转5天_1508240924,5000,\N,\N,5天,3.65,\N,\N,\N,\N,一次性还款,\N,\N,\N,\N,\N,\N,\N,\N,\N,\N,\N
64405,2015-08-24,已结束,\N,资金周转1个月_1508240924,100000,\N,\N,1个月,10.82,\N,\N,\N,\N,按月分期,\N,\N,\N,\N,\N,\N,\N,\N,\N,\N,\N
64406,\N,01天23时54分55秒,\N,V5信誉，真诚借款,6000,\N,\N,1个月,10.28,\N,\N,\N,\N,按月分期,\N,\N,\N,\N,\N,\N,\N,\N,\N,\N,\N
64407,2015-08-24,已结束,\N,资金周转1个月_1508240924,50000,\N,\N,1个月,10.81,\N,\N,\N,\N,按月分期,\N,\N,\N,\N,\N,\N,\N,\N,\N,\N,\N
64408,\N,01天23时54分41秒,\N,早还款！不熬夜！不做黑牛！谢谢！,20000,\N,\N,1个月,10.29,\N,\N,\N,\N,按月分期,\N,\N,\N,\N,\N,\N,\N,\N,\N,\N,\N
64409,\N,00天23时54分26秒,\N,下午四点前还款，从未失约！！,30000,\N,\N,8天,7.3,\N,\N,\N,\N,一次性还款,\N,\N,\N,\N,\N,\N,\N,\N,\N,\N,\N
64410,2015-08-24,00天23时54分16秒,\N,资金周转5天_1508240923,50000,\N,\N,5天,7.3,\N,\N,\N,\N,一次性还款,\N,\N,\N,\N,\N,\N,\N,\N,\N,\N,\N
64411,2015-08-24,01天23时54分13秒,\N,资金周转1个月_1508240924,5000,\N,\N,1个月,10.18,\N,\N,\N,\N,按月分期,\N,\N,\N,\N,\N,\N,\N,\N,\N,\N,\N
64412,\N,00天23时54分06秒,\N,v5真诚借款，按时还款,20000,\N,\N,5天,7.3,\N,\N,\N,\N,一次性还款,\N,\N,\N,\N,\N,\N,\N,\N,\N,\N,\N
64413,2015-08-24,01天23时54分02秒,\N,资金周转1个月_1508240923,10000,\N,\N,1个月,10.8,\N,\N,\N,\N,按月分期,\N,\N,\N,\N,\N,\N,\N,\N,\N,\N,\N
64414,2015-08-24,01天23时53分54秒,\N,资金周转1个月_1508240923,10850,\N,\N,1个月,10.28,\N,\N,\N,\N,按月分期,\N,\N,\N,\N,\N,\N,\N,\N,\N,\N,\N
64415,\N,00天23时53分26秒,\N,小标易满，上午还款，信誉保证,7100,\N,\N,5天,7.3,\N,\N,\N,\N,一次性还款,\N,\N,\N,\N,\N,\N,\N,\N,\N,\N,\N
64416,2015-08-24,01天23时52分23秒,\N,资金周转1个月_1508240923,10860,\N,\N,1个月,10.06,\N,\N,\N,\N,按月分期,\N,\N,\N,\N,\N,\N,\N,\N,\N,\N,\N
64417,\N,00天23时52分11秒,\N,白天还，谢谢！,18888.88,\N,\N,5天,7.3,\N,\N,\N,\N,一次性还款,\N,\N,\N,\N,\N,\N,\N,\N,\N,\N,\N
64418,2015-08-24,01天23时51分57秒,\N,资金周转1个月_1508240922,6000,\N,\N,1个月,10.08,\N,\N,\N,\N,按月分期,\N,\N,\N,\N,\N,\N,\N,\N,\N,\N,\N
64419,\N,00天23时51分55秒,\N,5天标，上午8点还款，放心投，最迟晚9点,20000,\N,\N,5天,7.3,\N,\N,\N,\N,一次性还款,\N,\N,\N,\N,\N,\N,\N,\N,\N,\N,\N
64420,\N,00天23时51分46秒,\N,资金周转尽早款款,10000,\N,\N,5天,7.3,\N,\N,\N,\N,一次性还款,\N,\N,\N,\N,\N,\N,\N,\N,\N,\N,\N
64421,\N,01天23时51分14秒,\N,v5 真诚借款，上午9点半前还款！最迟晚上10点还清。,5000,\N,\N,5天,7.3,\N,\N,\N,\N,一次性还款,\N,\N,\N,\N,\N,\N,\N,\N,\N,\N,\N
64422,2015-08-24,00天23时51分09秒,\N,白天还，谢谢！周转13天_1508240920,13800,\N,\N,13天,7.3,\N,\N,\N,\N,一次性还款,\N,\N,\N,\N,\N,\N,\N,\N,\N,\N,\N
64423,2015-08-24,00天23时51分03秒,\N,资金周转8天_1508240921,10000,\N,\N,8天,7.3,\N,\N,\N,\N,一次性还款,\N,\N,\N,\N,\N,\N,\N,\N,\N,\N,\N
64424,\N,00天23时50分59秒,\N,5天标，上午9:30还款，放心投，，最迟晚十点还,9000,\N,\N,5天,7.3,\N,\N,\N,\N,一次性还款,\N,\N,\N,\N,\N,\N,\N,\N,\N,\N,\N
64425,2015-08-24,01天23时50分56秒,\N,资金周转1个月_1508240921,100000,\N,\N,1个月,10.82,\N,\N,\N,\N,按月分期,\N,\N,\N,\N,\N,\N,\N,\N,\N,\N,\N
64426,\N,00天23时50分20秒,\N,V5 真诚约标！早上9:30分还款！最迟晚上9点还款,50000,\N,\N,5天,7.3,\N,\N,\N,\N,一次性还款,\N,\N,\N,\N,\N,\N,\N,\N,\N,\N,\N
64427,\N,01天23时50分15秒,\N,【白天必还】,18800,\N,\N,5天,7.3,\N,\N,\N,\N,一次性还款,\N,\N,\N,\N,\N,\N,\N,\N,\N,\N,\N
64428,\N,00天23时50分11秒,\N,白天还款，尽早还,20000,\N,\N,5天,7.3,\N,\N,\N,\N,一次性还款,\N,\N,\N,\N,\N,\N,\N,\N,\N,\N,\N
64429,\N,00天23时50分03秒,\N,▉    借    5   天    ▉,10000,\N,\N,5天,7.3,\N,\N,\N,\N,一次性还款,\N,\N,\N,\N,\N,\N,\N,\N,\N,\N,\N
64430,2015-08-24,00天23时49分55秒,\N,资金周转8天_1508240921,8332,\N,\N,8天,7.3,\N,\N,\N,\N,一次性还款,\N,\N,\N,\N,\N,\N,\N,\N,\N,\N,\N
64431,\N,00天23时49分49秒,\N,發标一投就發,10000,\N,\N,5天,7.3,\N,\N,\N,\N,一次性还款,\N,\N,\N,\N,\N,\N,\N,\N,\N,\N,\N
64432,2015-08-24,00天23时49分43秒,\N,资金周转5天_1508240921,10000,\N,\N,5天,7.3,\N,\N,\N,\N,一次性还款,\N,\N,\N,\N,\N,\N,\N,\N,\N,\N,\N
64433,2015-08-24,00天23时49分34秒,\N,资金周转5天_1508240921,20000,\N,\N,5天,7.3,\N,\N,\N,\N,一次性还款,\N,\N,\N,\N,\N,\N,\N,\N,\N,\N,\N
64434,2015-08-24,01天23时49分27秒,\N,资金周转1个月_1508240920,20000,\N,\N,1个月,10.8,\N,\N,\N,\N,按月分期,\N,\N,\N,\N,\N,\N,\N,\N,\N,\N,\N
64435,2015-08-24,01天23时49分14秒,\N,1个月_1508240921,86000,\N,\N,1个月,10.82,\N,\N,\N,\N,按月分期,\N,\N,\N,\N,\N,\N,\N,\N,\N,\N,\N
64436,2015-08-24,01天23时49分08秒,\N,1个月_1508240920,60000,\N,\N,1个月,10.8,\N,\N,\N,\N,按月分期,\N,\N,\N,\N,\N,\N,\N,\N,\N,\N,\N
64437,2015-08-24,01天23时49分03秒,\N,资金周转1个月_1508240921,10000,\N,\N,1个月,10.09,\N,\N,\N,\N,按月分期,\N,\N,\N,\N,\N,\N,\N,\N,\N,\N,\N
64438,2015-08-24,01天23时49分00秒,\N,资金周转1个月_1508240920,48000,\N,\N,1个月,10.61,\N,\N,\N,\N,按月分期,\N,\N,\N,\N,\N,\N,\N,\N,\N,\N,\N
64439,2015-08-24,00天23时48分58秒,\N,资金周转5天_1508240921,10000,\N,\N,5天,7.3,\N,\N,\N,\N,一次性还款,\N,\N,\N,\N,\N,\N,\N,\N,\N,\N,\N
64440,\N,01天23时48分55秒,\N,白天还款，一般上午还！,6000,\N,\N,1个月,10.75,\N,\N,\N,\N,按月分期,\N,\N,\N,\N,\N,\N,\N,\N,\N,\N,\N
64441,\N,00天23时48分44秒,\N,V 5真诚约标！ 上午9点30分还， 最迟22:30点前还,20000,\N,\N,5天,7.3,\N,\N,\N,\N,一次性还款,\N,\N,\N,\N,\N,\N,\N,\N,\N,\N,\N
64442,\N,00天23时48分42秒,\N,尽早还款，不熬夜，一直诚信，谢谢支持,20000,\N,\N,5天,7.3,\N,\N,\N,\N,一次性还款,\N,\N,\N,\N,\N,\N,\N,\N,\N,\N,\N
64443,\N,00天23时48分39秒,\N,！v5真诚约标！谢谢支持,10000,\N,\N,5天,7.3,\N,\N,\N,\N,一次性还款,\N,\N,\N,\N,\N,\N,\N,\N,\N,\N,\N
64444,\N,01天23时48分29秒,\N,10点还款，小标易满，最晚当天还！,10000,\N,\N,1个月,10.08,\N,\N,\N,\N,按月分期,\N,\N,\N,\N,\N,\N,\N,\N,\N,\N,\N
64445,2015-08-24,04天23时48分25秒,\N,生意周转10个月_1508240920,15000,\N,\N,10个月,9,\N,\N,\N,\N,按月分期,\N,\N,\N,\N,\N,\N,\N,\N,\N,\N,\N
64446,2015-08-24,01天23时47分26秒,\N,资金周转1个月_1508240920,24300,\N,\N,1个月,10.8,\N,\N,\N,\N,按月分期,\N,\N,\N,\N,\N,\N,\N,\N,\N,\N,\N
64447,2015-08-24,01天23时46分57秒,\N,资金周转1个月_1508240920,5000,\N,\N,1个月,5,\N,\N,\N,\N,按月分期,\N,\N,\N,\N,\N,\N,\N,\N,\N,\N,\N
64448,2015-08-24,01天23时46分46秒,\N,资金周转1个月_1508240919,10000,\N,\N,1个月,10.58,\N,\N,\N,\N,按月分期,\N,\N,\N,\N,\N,\N,\N,\N,\N,\N,\N
64449,2015-08-24,00天23时46分20秒,\N,资金周转7天_1508240919,6000,\N,\N,7天,7.3,\N,\N,\N,\N,一次性还款,\N,\N,\N,\N,\N,\N,\N,\N,\N,\N,\N
64450,2015-08-24,00天23时46分12秒,\N,资金周转5天_1508240919,15000,\N,\N,5天,7.3,\N,\N,\N,\N,一次性还款,\N,\N,\N,\N,\N,\N,\N,\N,\N,\N,\N
64451,2015-08-24,00天23时45分52秒,\N,资金周转13天_1508240919,60000,\N,\N,13天,7.3,\N,\N,\N,\N,一次性还款,\N,\N,\N,\N,\N,\N,\N,\N,\N,\N,\N
64452,2015-08-24,01天23时45分34秒,\N,资金周转1个月_1508240919,10000,\N,\N,1个月,10.18,\N,\N,\N,\N,按月分期,\N,\N,\N,\N,\N,\N,\N,\N,\N,\N,\N
64453,2015-08-24,01天23时44分55秒,\N,资金周转1个月_1508240918,10000,\N,\N,1个月,10.19,\N,\N,\N,\N,按月分期,\N,\N,\N,\N,\N,\N,\N,\N,\N,\N,\N
64454,2015-08-24,01天23时44分38秒,\N,资金周转1个月_1508240918,50000,\N,\N,1个月,10.8,\N,\N,\N,\N,按月分期,\N,\N,\N,\N,\N,\N,\N,\N,\N,\N,\N
64455,\N,00天23时44分13秒,\N,8.27还！资金周转3天_谢谢支持！,5000,\N,\N,5天,3.65,\N,\N,\N,\N,一次性还款,\N,\N,\N,\N,\N,\N,\N,\N,\N,\N,\N
64456,2015-08-24,00天23时43分41秒,\N,资金周转6天_1508240917,10000,\N,\N,6天,7.3,\N,\N,\N,\N,一次性还款,\N,\N,\N,\N,\N,\N,\N,\N,\N,\N,\N
64457,2015-08-24,00天23时43分39秒,\N,资金周转5天_1508240917,3900,\N,\N,5天,7.3,\N,\N,\N,\N,一次性还款,\N,\N,\N,\N,\N,\N,\N,\N,\N,\N,\N
64458,2015-08-24,01天23时43分31秒,\N,资金周转1个月_1508240916,500,\N,\N,1个月,5,\N,\N,\N,\N,按月分期,\N,\N,\N,\N,\N,\N,\N,\N,\N,\N,\N
64459,2015-08-24,00天23时42分50秒,\N,资金周转5天_1508240916,10000,\N,\N,5天,7.3,\N,\N,\N,\N,一次性还款,\N,\N,\N,\N,\N,\N,\N,\N,\N,\N,\N
64460,2015-08-24,01天23时42分44秒,\N,资金周转1个月_1508240916,10000,\N,\N,1个月,10.58,\N,\N,\N,\N,按月分期,\N,\N,\N,\N,\N,\N,\N,\N,\N,\N,\N
64461,2015-08-24,01天23时42分07秒,\N,资金周转1个月_1508240915,5000,\N,\N,1个月,10.05,\N,\N,\N,\N,按月分期,\N,\N,\N,\N,\N,\N,\N,\N,\N,\N,\N
64462,\N,00天23时41分22秒,\N,白天还款！！！,6000,\N,\N,5天,7.3,\N,\N,\N,\N,一次性还款,\N,\N,\N,\N,\N,\N,\N,\N,\N,\N,\N
64463,2015-08-24,00天23时41分15秒,\N,资金周转5天_1508240914,50000,\N,\N,5天,7.3,\N,\N,\N,\N,一次性还款,\N,\N,\N,\N,\N,\N,\N,\N,\N,\N,\N
64464,\N,00天23时40分13秒,\N,当天中午12：00前还。谢谢,23000,\N,\N,5天,7.3,\N,\N,\N,\N,一次性还款,\N,\N,\N,\N,\N,\N,\N,\N,\N,\N,\N
64465,2015-08-24,01天23时40分06秒,\N,资金周转1个月_1508240913,90000,\N,\N,1个月,10.8,\N,\N,\N,\N,按月分期,\N,\N,\N,\N,\N,\N,\N,\N,\N,\N,\N
64466,2015-08-24,00天23时39分58秒,\N,资金周转11天_1508240913,30000,\N,\N,11天,7.3,\N,\N,\N,\N,一次性还款,\N,\N,\N,\N,\N,\N,\N,\N,\N,\N,\N
64467,2015-08-24,00天23时39分50秒,\N,资金周转5天_1508240913,50000,\N,\N,5天,7.3,\N,\N,\N,\N,一次性还款,\N,\N,\N,\N,\N,\N,\N,\N,\N,\N,\N
64468,\N,00天23时39分44秒,\N,只用4天，28号提前一天还,10000,\N,\N,5天,3.65,\N,\N,\N,\N,一次性还款,\N,\N,\N,\N,\N,\N,\N,\N,\N,\N,\N
64469,2015-08-24,01天23时39分27秒,\N,资金周转1个月_1508240913,50000,\N,\N,1个月,10.8,\N,\N,\N,\N,按月分期,\N,\N,\N,\N,\N,\N,\N,\N,\N,\N,\N
64470,2015-08-24,01天23时39分18秒,\N,资金周转1个月_1508240913,50500,\N,\N,1个月,10.8,\N,\N,\N,\N,按月分期,\N,\N,\N,\N,\N,\N,\N,\N,\N,\N,\N
64471,2015-08-24,01天23时39分04秒,\N,资金周转1个月_1508240913,20000,\N,\N,1个月,10.8,\N,\N,\N,\N,按月分期,\N,\N,\N,\N,\N,\N,\N,\N,\N,\N,\N
64472,2015-08-24,01天23时38分45秒,\N,资金周转1个月_1508240912,202500,\N,\N,1个月,10.82,\N,\N,\N,\N,按月分期,\N,\N,\N,\N,\N,\N,\N,\N,\N,\N,\N
64473,2015-08-24,01天23时38分28秒,\N,资金周转1个月_1508240912,20000,\N,\N,1个月,10.75,\N,\N,\N,\N,按月分期,\N,\N,\N,\N,\N,\N,\N,\N,\N,\N,\N
64474,\N,00天23时38分19秒,\N,一般中午13：00前还，最迟晚上9：30还,30000,\N,\N,5天,7.3,\N,\N,\N,\N,一次性还款,\N,\N,\N,\N,\N,\N,\N,\N,\N,\N,\N
64475,2015-08-24,00天23时37分50秒,\N,资金周转10天_1508240911,30000,\N,\N,10天,7.3,\N,\N,\N,\N,一次性还款,\N,\N,\N,\N,\N,\N,\N,\N,\N,\N,\N
64476,2015-08-24,00天23时37分24秒,\N,资金周转5天_1508240911,7700,\N,\N,5天,7.3,\N,\N,\N,\N,一次性还款,\N,\N,\N,\N,\N,\N,\N,\N,\N,\N,\N
64477,2015-08-24,01天23时37分14秒,\N,资金周转12天_1508240911,20000,\N,\N,12天,7.3,\N,\N,\N,\N,一次性还款,\N,\N,\N,\N,\N,\N,\N,\N,\N,\N,\N
64478,2015-08-24,01天23时36分17秒,\N,资金周转1个月_1508240910,20000,\N,\N,1个月,10.19,\N,\N,\N,\N,按月到期,\N,\N,\N,\N,\N,\N,\N,\N,\N,\N,\N
64479,2015-08-24,01天23时35分38秒,\N,资金周转1个月_1508240909,4500,\N,\N,1个月,10.11,\N,\N,\N,\N,按月分期,\N,\N,\N,\N,\N,\N,\N,\N,\N,\N,\N
64480,2015-08-24,00天23时35分00秒,\N,资金周转19天_1508240909,22000,\N,\N,19天,7.3,\N,\N,\N,\N,一次性还款,\N,\N,\N,\N,\N,\N,\N,\N,\N,\N,\N
64481,2015-08-24,01天23时34分41秒,\N,资金周转1个月_1508240909,2000,\N,\N,1个月,10.28,\N,\N,\N,\N,按月分期,\N,\N,\N,\N,\N,\N,\N,\N,\N,\N,\N
64482,2015-08-24,00天23时33分28秒,\N,资金周转6天_1508240908,20000,\N,\N,6天,7.3,\N,\N,\N,\N,一次性还款,\N,\N,\N,\N,\N,\N,\N,\N,\N,\N,\N
64483,2015-08-24,01天23时32分59秒,\N,资金周转1个月_1508240907,1000,\N,\N,1个月,10,\N,\N,\N,\N,按月分期,\N,\N,\N,\N,\N,\N,\N,\N,\N,\N,\N
64484,2015-08-24,01天23时31分46秒,\N,资金周转1个月_1508240906,40000,\N,\N,1个月,10.75,\N,\N,\N,\N,按月分期,\N,\N,\N,\N,\N,\N,\N,\N,\N,\N,\N
64485,2015-08-24,01天23时31分01秒,\N,资金周转1个月_1508240905,51000,\N,\N,1个月,10.72,\N,\N,\N,\N,按月分期,\N,\N,\N,\N,\N,\N,\N,\N,\N,\N,\N
64486,2015-08-24,01天23时30分07秒,\N,1个月_1508240905,2000,\N,\N,1个月,10.28,\N,\N,\N,\N,按月分期,\N,\N,\N,\N,\N,\N,\N,\N,\N,\N,\N
64487,2015-08-24,00天23时29分29秒,\N,资金周转12天_1508240904,120000,\N,\N,12天,7.3,\N,\N,\N,\N,一次性还款,\N,\N,\N,\N,\N,\N,\N,\N,\N,\N,\N
64488,2015-08-24,00天23时28分58秒,\N,资金周转5天_1508240903,50000,\N,\N,5天,7.3,\N,\N,\N,\N,一次性还款,\N,\N,\N,\N,\N,\N,\N,\N,\N,\N,\N
64489,\N,00天23时28分50秒,\N,只用4天，28号上午10点30分还清,2700,\N,\N,5天,3.65,\N,\N,\N,\N,一次性还款,\N,\N,\N,\N,\N,\N,\N,\N,\N,\N,\N
64490,2015-08-24,00天23时28分37秒,\N,资金周转10天_1508240903,15000,\N,\N,10天,7.3,\N,\N,\N,\N,一次性还款,\N,\N,\N,\N,\N,\N,\N,\N,\N,\N,\N
64491,2015-08-24,01天23时28分19秒,\N,资金周转7天_1508240903,10000,\N,\N,7天,7.3,\N,\N,\N,\N,一次性还款,\N,\N,\N,\N,\N,\N,\N,\N,\N,\N,\N
64492,\N,00天23时28分00秒,\N,资金周转5天_29号下午3点前还,4000,\N,\N,5天,7.3,\N,\N,\N,\N,一次性还款,\N,\N,\N,\N,\N,\N,\N,\N,\N,\N,\N
64493,2015-08-24,00天23时27分08秒,\N,资金周转6天_1508240901,10000,\N,\N,6天,7.3,\N,\N,\N,\N,一次性还款,\N,\N,\N,\N,\N,\N,\N,\N,\N,\N,\N
64494,\N,00天23时16分48秒,\N,用3天，付5天息，27号还,5800,\N,\N,5天,3.65,\N,\N,\N,\N,一次性还款,\N,\N,\N,\N,\N,\N,\N,\N,\N,\N,\N
64495,2015-08-24,01天23时16分42秒,\N,资金周转5天_1508240851,50000,\N,\N,5天,7.3,\N,\N,\N,\N,一次性还款,\N,\N,\N,\N,\N,\N,\N,\N,\N,\N,\N
64496,2015-08-24,01天23时16分33秒,\N,资金周转1个月_1508240851,100000,\N,\N,1个月,10.5,\N,\N,\N,\N,按月到期,\N,\N,\N,\N,\N,\N,\N,\N,\N,\N,\N
64497,2015-08-24,01天23时16分08秒,\N,资金周转5天_1508240851,30000,\N,\N,5天,7.3,\N,\N,\N,\N,一次性还款,\N,\N,\N,\N,\N,\N,\N,\N,\N,\N,\N
64498,2015-08-24,01天23时15分11秒,\N,资金周转1个月_1508240850,9000,\N,\N,1个月,10.6,\N,\N,\N,\N,按月分期,\N,\N,\N,\N,\N,\N,\N,\N,\N,\N,\N
64499,2015-08-24,00天23时15分04秒,\N,资金周转5天_1508240850,10000,\N,\N,5天,7.3,\N,\N,\N,\N,一次性还款,\N,\N,\N,\N,\N,\N,\N,\N,\N,\N,\N
64500,2015-08-24,01天23时14分58秒,\N,5天_1508240850,10000,\N,\N,5天,7.3,\N,\N,\N,\N,一次性还款,\N,\N,\N,\N,\N,\N,\N,\N,\N,\N,\N
64501,\N,00天23时14分45秒,\N,提现前还款，从未逾期,20000,\N,\N,5天,7.3,\N,\N,\N,\N,一次性还款,\N,\N,\N,\N,\N,\N,\N,\N,\N,\N,\N
64502,\N,00天23时14分24秒,\N,早上九点前还款，最迟也是白天还,43000,\N,\N,5天,3.65,\N,\N,\N,\N,一次性还款,\N,\N,\N,\N,\N,\N,\N,\N,\N,\N,\N
64503,2015-08-24,00天23时13分48秒,\N,资金周转5天_1508240849,60000,\N,\N,5天,7.3,\N,\N,\N,\N,一次性还款,\N,\N,\N,\N,\N,\N,\N,\N,\N,\N,\N
64504,2015-08-24,01天23时13分20秒,\N,资金周转5天_1508240848,50000,\N,\N,5天,7.3,\N,\N,\N,\N,一次性还款,\N,\N,\N,\N,\N,\N,\N,\N,\N,\N,\N
64505,2015-08-24,00天23时11分34秒,\N,资金周转9天_1508240847,13200,\N,\N,9天,7.3,\N,\N,\N,\N,一次性还款,\N,\N,\N,\N,\N,\N,\N,\N,\N,\N,\N
64506,2015-08-24,00天23时09分58秒,\N,资金周转5天_1508240845,800,\N,\N,5天,7.3,\N,\N,\N,\N,一次性还款,\N,\N,\N,\N,\N,\N,\N,\N,\N,\N,\N
64507,2015-08-24,00天23时09分07秒,\N,资金周转14天_1508240844,5800,\N,\N,14天,7.3,\N,\N,\N,\N,一次性还款,\N,\N,\N,\N,\N,\N,\N,\N,\N,\N,\N
64508,2015-08-24,00天23时08分20秒,\N,资金周转10天_1508240843,30000,\N,\N,10天,7.3,\N,\N,\N,\N,一次性还款,\N,\N,\N,\N,\N,\N,\N,\N,\N,\N,\N
64509,\N,00天23时07分46秒,\N,4天标，提前一天白天还款，28号还,8000,\N,\N,5天,3.65,\N,\N,\N,\N,一次性还款,\N,\N,\N,\N,\N,\N,\N,\N,\N,\N,\N
64510,2015-08-24,00天23时07分31秒,\N,资金周转5天_1508240843,50000,\N,\N,5天,7.3,\N,\N,\N,\N,一次性还款,\N,\N,\N,\N,\N,\N,\N,\N,\N,\N,\N
64511,2015-08-24,00天23时07分14秒,\N,资金周转5天_1508240843,33000,\N,\N,5天,7.3,\N,\N,\N,\N,一次性还款,\N,\N,\N,\N,\N,\N,\N,\N,\N,\N,\N
64512,2015-08-24,01天23时05分08秒,\N,资金周转1个月_1508240840,3000,\N,\N,1个月,10.18,\N,\N,\N,\N,按月分期,\N,\N,\N,\N,\N,\N,\N,\N,\N,\N,\N
64513,2015-08-24,01天23时05分01秒,\N,5天_1508240840,10000,\N,\N,5天,7.3,\N,\N,\N,\N,一次性还款,\N,\N,\N,\N,\N,\N,\N,\N,\N,\N,\N
64514,2015-08-24,01天23时03分53秒,\N,资金周转7天_1508240839,150000,\N,\N,7天,7.3,\N,\N,\N,\N,一次性还款,\N,\N,\N,\N,\N,\N,\N,\N,\N,\N,\N
64515,\N,00天23时02分23秒,\N,最迟白天还款 绝不食言 么么哒,40000,\N,\N,5天,7.3,\N,\N,\N,\N,一次性还款,\N,\N,\N,\N,\N,\N,\N,\N,\N,\N,\N
64516,\N,01天23时02分09秒,\N,一直都是早上还的。谢谢。,5000,\N,\N,5天,7.3,\N,\N,\N,\N,一次性还款,\N,\N,\N,\N,\N,\N,\N,\N,\N,\N,\N
64517,2015-08-24,01天22时58分49秒,\N,资金周转1个月_1508240834,30000,\N,\N,1个月,10.08,\N,\N,\N,\N,按月分期,\N,\N,\N,\N,\N,\N,\N,\N,\N,\N,\N
64518,\N,00天22时58分47秒,\N,白天还，有时提前一天还。,1400,\N,\N,5天,7.3,\N,\N,\N,\N,一次性还款,\N,\N,\N,\N,\N,\N,\N,\N,\N,\N,\N
64519,\N,00天22时57分58秒,\N,7号下午4点前还款，诚信约标,15000,\N,\N,14天,7.3,\N,\N,\N,\N,一次性还款,\N,\N,\N,\N,\N,\N,\N,\N,\N,\N,\N
64520,2015-08-24,00天22时56分30秒,\N,资金周转5天_1508240832,20000,\N,\N,5天,7.3,\N,\N,\N,\N,一次性还款,\N,\N,\N,\N,\N,\N,\N,\N,\N,\N,\N
64521,\N,00天22时56分09秒,\N,白天还款。只会早还，虎哥约标。,6000,\N,\N,5天,7.3,\N,\N,\N,\N,一次性还款,\N,\N,\N,\N,\N,\N,\N,\N,\N,\N,\N
64522,2015-08-24,01天22时54分45秒,\N,资金周转6天_1508240831,10000,\N,\N,6天,7.3,\N,\N,\N,\N,一次性还款,\N,\N,\N,\N,\N,\N,\N,\N,\N,\N,\N
64523,2015-08-24,00天22时54分19秒,\N,资金周转5天_1508240831,19100,\N,\N,5天,7.3,\N,\N,\N,\N,一次性还款,\N,\N,\N,\N,\N,\N,\N,\N,\N,\N,\N
64524,2015-08-24,01天22时53分19秒,\N,资金周转1个月_1508240828,8000,\N,\N,1个月,10.5,\N,\N,\N,\N,按月到期,\N,\N,\N,\N,\N,\N,\N,\N,\N,\N,\N
64525,2015-08-24,00天22时53分02秒,\N,资金周转5天_1508240829,6800,\N,\N,5天,7.3,\N,\N,\N,\N,一次性还款,\N,\N,\N,\N,\N,\N,\N,\N,\N,\N,\N
64526,2015-08-24,00天22时52分43秒,\N,只用4天，给5天息，28号白天还！,10000,\N,\N,5天,3.65,\N,\N,\N,\N,一次性还款,\N,\N,\N,\N,\N,\N,\N,\N,\N,\N,\N
64527,\N,00天22时49分19秒,\N,上午10点前肯定还，肯定还！,20000,\N,\N,5天,7.3,\N,\N,\N,\N,一次性还款,\N,\N,\N,\N,\N,\N,\N,\N,\N,\N,\N
64528,2015-08-24,01天22时47分17秒,\N,资金周转8天_1508240824,30000,\N,\N,8天,7.3,\N,\N,\N,\N,一次性还款,\N,\N,\N,\N,\N,\N,\N,\N,\N,\N,\N
64529,2015-08-24,00天22时47分07秒,\N,资金周转10天_1508240823,50000,\N,\N,10天,7.3,\N,\N,\N,\N,一次性还款,\N,\N,\N,\N,\N,\N,\N,\N,\N,\N,\N
64530,2015-08-24,01天22时46分51秒,\N,资金周转1个月_1508240823,4600,\N,\N,1个月,10.6,\N,\N,\N,\N,按月分期,\N,\N,\N,\N,\N,\N,\N,\N,\N,\N,\N
64531,\N,00天22时46分25秒,\N,凌晨还款，白天必到。睡醒了就能看到钱，就是这么任性。,50000,\N,\N,5天,3.65,\N,\N,\N,\N,一次性还款,\N,\N,\N,\N,\N,\N,\N,\N,\N,\N,\N
64532,2015-08-24,01天22时45分50秒,\N,资金周转1个月_1508240822,290000,\N,\N,1个月,10.6,\N,\N,\N,\N,按月分期,\N,\N,\N,\N,\N,\N,\N,\N,\N,\N,\N
64533,2015-08-24,01天22时44分57秒,\N,资金周转1个月_1508240821,10000,\N,\N,1个月,10.01,\N,\N,\N,\N,按月分期,\N,\N,\N,\N,\N,\N,\N,\N,\N,\N,\N
64534,2015-08-24,00天22时44分41秒,\N,资金周转5天_1508240821,10000,\N,\N,5天,7.3,\N,\N,\N,\N,一次性还款,\N,\N,\N,\N,\N,\N,\N,\N,\N,\N,\N
64535,2015-08-24,00天22时43分08秒,\N,资金周转8天_1508240820,30000,\N,\N,8天,7.3,\N,\N,\N,\N,一次性还款,\N,\N,\N,\N,\N,\N,\N,\N,\N,\N,\N
64536,2015-08-24,01天22时43分06秒,\N,资金周转1个月_1508240820,75000,\N,\N,1个月,10.72,\N,\N,\N,\N,按月分期,\N,\N,\N,\N,\N,\N,\N,\N,\N,\N,\N
64537,\N,00天22时40分24秒,\N,白天还款,5000,\N,\N,5天,7.3,\N,\N,\N,\N,一次性还款,\N,\N,\N,\N,\N,\N,\N,\N,\N,\N,\N
64538,2015-08-24,01天22时39分52秒,\N,资金周转1个月_1508240817,8000,\N,\N,1个月,5,\N,\N,\N,\N,按月分期,\N,\N,\N,\N,\N,\N,\N,\N,\N,\N,\N
64539,2015-08-24,00天22时38分51秒,\N,资金周转5天_1508240816,5000,\N,\N,5天,3.65,\N,\N,\N,\N,一次性还款,\N,\N,\N,\N,\N,\N,\N,\N,\N,\N,\N
64540,2015-08-24,01天22时38分14秒,\N,资金周转5天_1508240814,5000,\N,\N,5天,7.3,\N,\N,\N,\N,一次性还款,\N,\N,\N,\N,\N,\N,\N,\N,\N,\N,\N
64541,2015-08-24,01天22时37分17秒,\N,资金周转8天_1508240814,8500,\N,\N,8天,7.3,\N,\N,\N,\N,一次性还款,\N,\N,\N,\N,\N,\N,\N,\N,\N,\N,\N
64542,2015-08-24,01天22时35分32秒,\N,资金周转1个月_1508240812,38000,\N,\N,1个月,10.51,\N,\N,\N,\N,按月分期,\N,\N,\N,\N,\N,\N,\N,\N,\N,\N,\N
64543,2015-08-24,00天22时32分58秒,\N,资金周转5天_1508240810,25000,\N,\N,5天,7.3,\N,\N,\N,\N,一次性还款,\N,\N,\N,\N,\N,\N,\N,\N,\N,\N,\N
64544,2015-08-24,00天22时32分51秒,\N,资金周转14天_1508240810,30000,\N,\N,14天,7.3,\N,\N,\N,\N,一次性还款,\N,\N,\N,\N,\N,\N,\N,\N,\N,\N,\N
64545,2015-08-24,00天22时31分40秒,\N,资金周转5天_1508240809,10000,\N,\N,5天,7.3,\N,\N,\N,\N,一次性还款,\N,\N,\N,\N,\N,\N,\N,\N,\N,\N,\N
64546,2015-08-24,04天22时30分23秒,\N,资金周转12个月_1508240807,14000,\N,\N,12个月,10.6,\N,\N,\N,\N,按月分期,\N,\N,\N,\N,\N,\N,\N,\N,\N,\N,\N
64547,\N,00天22时25分33秒,\N,只用3天，5天利息。8月27日白天还款。一诺千金。从不逾期,1327,\N,\N,5天,3.65,\N,\N,\N,\N,一次性还款,\N,\N,\N,\N,\N,\N,\N,\N,\N,\N,\N
64548,\N,00天22时25分25秒,\N,白天还款，从没食言,55000,\N,\N,5个月,10.56,\N,\N,\N,\N,按月分期,\N,\N,\N,\N,\N,\N,\N,\N,\N,\N,\N
64549,2015-08-24,01天22时18分06秒,\N,资金周转5天_1508240755,20000,\N,\N,5天,7.3,\N,\N,\N,\N,一次性还款,\N,\N,\N,\N,\N,\N,\N,\N,\N,\N,\N
64550,\N,00天22时15分06秒,\N,到期准时还款,50000,\N,\N,3个月,10.55,\N,\N,\N,\N,按月分期,\N,\N,\N,\N,\N,\N,\N,\N,\N,\N,\N
64551,2015-08-24,01天22时12分54秒,\N,资金周转5天_1508240751,10000,\N,\N,5天,7.3,\N,\N,\N,\N,一次性还款,\N,\N,\N,\N,\N,\N,\N,\N,\N,\N,\N
64552,\N,01天22时12分46秒,\N,上午还款谢谢周转用上午还款谢谢周转用,12000,\N,\N,1个月,10.5,\N,\N,\N,\N,按月分期,\N,\N,\N,\N,\N,\N,\N,\N,\N,\N,\N
64553,2015-08-24,01天22时10分07秒,\N,资金周转5天_1508240748,5000,\N,\N,5天,7.3,\N,\N,\N,\N,一次性还款,\N,\N,\N,\N,\N,\N,\N,\N,\N,\N,\N
64554,2015-08-24,00天22时09分47秒,\N,资金周转6天_1508240748,1700,\N,\N,6天,7.3,\N,\N,\N,\N,一次性还款,\N,\N,\N,\N,\N,\N,\N,\N,\N,\N,\N
64555,2015-08-24,01天22时08分51秒,\N,资金周转1个月_1508240747,11500,\N,\N,1个月,10.59,\N,\N,\N,\N,按月分期,\N,\N,\N,\N,\N,\N,\N,\N,\N,\N,\N
64556,2015-08-24,00天22时06分50秒,\N,资金周转8天_1508240745,1349.04,\N,\N,8天,7.3,\N,\N,\N,\N,一次性还款,\N,\N,\N,\N,\N,\N,\N,\N,\N,\N,\N
64557,2015-08-24,01天22时06分36秒,\N,资金周转1个月_1508240745,20000,\N,\N,1个月,10.51,\N,\N,\N,\N,按月分期,\N,\N,\N,\N,\N,\N,\N,\N,\N,\N,\N
64558,\N,00天22时04分25秒,\N,下午4点30前必还，只会更早！！！！,9500,\N,\N,5天,7.3,\N,\N,\N,\N,一次性还款,\N,\N,\N,\N,\N,\N,\N,\N,\N,\N,\N
64559,2015-08-24,01天22时03分50秒,\N,资金周转7天_1508240742,31400,\N,\N,7天,7.3,\N,\N,\N,\N,一次性还款,\N,\N,\N,\N,\N,\N,\N,\N,\N,\N,\N
64560,\N,00天22时00分31秒,\N,早早还款,25000,\N,\N,5天,7.3,\N,\N,\N,\N,一次性还款,\N,\N,\N,\N,\N,\N,\N,\N,\N,\N,\N
64561,2015-08-24,01天21时58分36秒,\N,资金周转3个月_1508240737,4700,\N,\N,3个月,10.5,\N,\N,\N,\N,按月到期,\N,\N,\N,\N,\N,\N,\N,\N,\N,\N,\N
64562,2015-08-24,01天21时57分51秒,\N,[密]资金周转1个月_1508240731,33600,\N,\N,1个月,18,\N,\N,\N,\N,按月分期,\N,\N,\N,\N,\N,\N,\N,\N,\N,\N,\N
64563,2015-08-24,01天21时55分57秒,\N,资金周转1个月_1508240734,7700,\N,\N,1个月,8.88,\N,\N,\N,\N,按月分期,\N,\N,\N,\N,\N,\N,\N,\N,\N,\N,\N
64564,2015-08-24,01天21时55分40秒,\N,资金周转1个月_1508240734,46800,\N,\N,1个月,10.5,\N,\N,\N,\N,按月分期,\N,\N,\N,\N,\N,\N,\N,\N,\N,\N,\N
64565,2015-08-24,00天21时55分33秒,\N,资金周转5天_1508240734,98600,\N,\N,5天,7.3,\N,\N,\N,\N,一次性还款,\N,\N,\N,\N,\N,\N,\N,\N,\N,\N,\N
64566,2015-08-24,00天21时54分58秒,\N,资金周转5天_1508240733,12000,\N,\N,5天,7.3,\N,\N,\N,\N,一次性还款,\N,\N,\N,\N,\N,\N,\N,\N,\N,\N,\N
64567,2015-08-24,01天21时53分12秒,\N,资金周转1个月_1508240732,41000,\N,\N,1个月,10.8,\N,\N,\N,\N,按月分期,\N,\N,\N,\N,\N,\N,\N,\N,\N,\N,\N
64568,\N,01天21时52分03秒,\N,★小标易满，1个月准时还款，从不失信★,18500,\N,\N,1个月,10.68,\N,\N,\N,\N,按月到期,\N,\N,\N,\N,\N,\N,\N,\N,\N,\N,\N
64569,2015-08-24,01天21时50分26秒,\N,1个月_1508240729,10000,\N,\N,1个月,10.75,\N,\N,\N,\N,按月分期,\N,\N,\N,\N,\N,\N,\N,\N,\N,\N,\N
64570,2015-08-24,00天21时48分39秒,\N,资金周转8天_1508240727,6529,\N,\N,8天,7.3,\N,\N,\N,\N,一次性还款,\N,\N,\N,\N,\N,\N,\N,\N,\N,\N,\N
64571,2015-08-24,01天21时48分30秒,\N,资金周转20天_1508240727,10000,\N,\N,20天,7.3,\N,\N,\N,\N,一次性还款,\N,\N,\N,\N,\N,\N,\N,\N,\N,\N,\N
64572,\N,00天21时46分16秒,\N,早借早还，最迟不过晚9点,6800,\N,\N,5天,7.3,\N,\N,\N,\N,一次性还款,\N,\N,\N,\N,\N,\N,\N,\N,\N,\N,\N
64573,2015-08-24,01天21时45分53秒,\N,资金周转1个月_1508240725,1000,\N,\N,1个月,10.5,\N,\N,\N,\N,按月分期,\N,\N,\N,\N,\N,\N,\N,\N,\N,\N,\N
64574,2015-08-24,01天21时44分56秒,\N,不提现借款5天_1508240724,10000,\N,\N,5天,7.3,\N,\N,\N,\N,一次性还款,\N,\N,\N,\N,\N,\N,\N,\N,\N,\N,\N
64575,2015-08-24,01天21时44分08秒,\N,资金周转1个月_1508240723,500,\N,\N,1个月,10.35,\N,\N,\N,\N,按月分期,\N,\N,\N,\N,\N,\N,\N,\N,\N,\N,\N
64576,2015-08-24,00天21时43分54秒,\N,资金周转24天_1508240723,10000,\N,\N,24天,7.3,\N,\N,\N,\N,一次性还款,\N,\N,\N,\N,\N,\N,\N,\N,\N,\N,\N
64577,2015-08-24,01天21时35分48秒,\N,资金周转5天_1508240715,2000,\N,\N,5天,7.3,\N,\N,\N,\N,一次性还款,\N,\N,\N,\N,\N,\N,\N,\N,\N,\N,\N
64578,2015-08-24,01天21时34分58秒,\N,资金周转1个月_1508240657,100000,\N,\N,1个月,10.5,\N,\N,\N,\N,按月分期,\N,\N,\N,\N,\N,\N,\N,\N,\N,\N,\N
64579,2015-08-24,01天21时34分33秒,\N,资金周转1个月_1508240714,196788.3,\N,\N,1个月,10.8,\N,\N,\N,\N,按月分期,\N,\N,\N,\N,\N,\N,\N,\N,\N,\N,\N
64580,2015-08-24,01天21时31分47秒,\N,资金周转1个月_1508240711,42900,\N,\N,1个月,10.7,\N,\N,\N,\N,按月分期,\N,\N,\N,\N,\N,\N,\N,\N,\N,\N,\N
64581,2015-08-24,01天21时31分20秒,\N,资金周转7天_1508240710,15000,\N,\N,7天,7.3,\N,\N,\N,\N,一次性还款,\N,\N,\N,\N,\N,\N,\N,\N,\N,\N,\N
64582,2015-08-24,01天21时31分08秒,\N,资金周转1个月_1508240710,50000,\N,\N,1个月,10.61,\N,\N,\N,\N,按月分期,\N,\N,\N,\N,\N,\N,\N,\N,\N,\N,\N
64583,2015-08-24,00天21时29分11秒,\N,3天标，27号还款，诚信第一，方便周转_1508240707,10004,\N,\N,5天,3.65,\N,\N,\N,\N,一次性还款,\N,\N,\N,\N,\N,\N,\N,\N,\N,\N,\N
64584,2015-08-24,01天21时25分36秒,\N,资金周转13天_1508240705,7000,\N,\N,13天,7.3,\N,\N,\N,\N,一次性还款,\N,\N,\N,\N,\N,\N,\N,\N,\N,\N,\N
64585,\N,00天21时25分27秒,\N,白天还款,70000,\N,\N,10天,7.3,\N,\N,\N,\N,一次性还款,\N,\N,\N,\N,\N,\N,\N,\N,\N,\N,\N
64586,\N,00天21时23分51秒,\N,白天还款,68000,\N,\N,10天,7.3,\N,\N,\N,\N,一次性还款,\N,\N,\N,\N,\N,\N,\N,\N,\N,\N,\N
64587,2015-08-24,01天21时23分43秒,\N,资金周转1个月_1508240703,10000,\N,\N,1个月,10.5,\N,\N,\N,\N,按月分期,\N,\N,\N,\N,\N,\N,\N,\N,\N,\N,\N
64588,2015-08-24,00天21时17分42秒,\N,资金周转6天_1508240657,50000,\N,\N,6天,7.3,\N,\N,\N,\N,一次性还款,\N,\N,\N,\N,\N,\N,\N,\N,\N,\N,\N
64589,2015-08-24,01天21时15分19秒,\N,资金周转1个月_1508240655,74700,\N,\N,1个月,10.77,\N,\N,\N,\N,按月分期,\N,\N,\N,\N,\N,\N,\N,\N,\N,\N,\N
64590,2015-08-24,01天21时06分46秒,\N,1个月_1508240646,50000,\N,\N,1个月,10.7,\N,\N,\N,\N,按月分期,\N,\N,\N,\N,\N,\N,\N,\N,\N,\N,\N
64591,2015-08-24,00天21时05分32秒,\N,资金周转7天_1508240645,200000,\N,\N,7天,7.3,\N,\N,\N,\N,一次性还款,\N,\N,\N,\N,\N,\N,\N,\N,\N,\N,\N
64592,2015-08-24,01天21时05分24秒,\N,资金周转1个月_1508240645,10000,\N,\N,1个月,10.5,\N,\N,\N,\N,按月分期,\N,\N,\N,\N,\N,\N,\N,\N,\N,\N,\N
64593,2015-08-24,已结束,\N,资金周转3个月_1508240643,16000,\N,\N,3个月,10.1,\N,\N,\N,\N,按月到期,\N,\N,\N,\N,\N,\N,\N,\N,\N,\N,\N
64594,2015-08-24,00天21时03分00秒,\N,资金周转5天_1508240643,5000,\N,\N,5天,7.3,\N,\N,\N,\N,一次性还款,\N,\N,\N,\N,\N,\N,\N,\N,\N,\N,\N
64595,2015-08-24,01天15时47分21秒,\N,资金周转1个月_1508240127,500,\N,\N,1个月,10,\N,\N,\N,\N,按月分期,\N,\N,\N,\N,\N,\N,\N,\N,\N,\N,\N
64596,2015-08-24,01天15时46分48秒,\N,资金周转3个月_1508240126,2800,\N,\N,3个月,9,\N,\N,\N,\N,按季分期,\N,\N,\N,\N,\N,\N,\N,\N,\N,\N,\N
64597,2015-08-24,01天15时44分11秒,\N,资金周转1个月_1508240124,10000,\N,\N,1个月,10.08,\N,\N,\N,\N,按月分期,\N,\N,\N,\N,\N,\N,\N,\N,\N,\N,\N
64598,2015-08-24,01天15时35分24秒,\N,资金周转1个月_1508240115,600,\N,\N,1个月,8.88,\N,\N,\N,\N,按月分期,\N,\N,\N,\N,\N,\N,\N,\N,\N,\N,\N
64599,2015-08-24,00天15时31分58秒,\N,资金周转14天_1508240112,7600,\N,\N,14天,7.3,\N,\N,\N,\N,一次性还款,\N,\N,\N,\N,\N,\N,\N,\N,\N,\N,\N
64600,2015-08-24,01天15时24分22秒,\N,资金周转1个月_1508240104,3005,\N,\N,1个月,10.28,\N,\N,\N,\N,按月分期,\N,\N,\N,\N,\N,\N,\N,\N,\N,\N,\N
64601,\N,00天15时23分04秒,\N,25天，上午11点前还款。,25500,\N,\N,25天,7.3,\N,\N,\N,\N,一次性还款,\N,\N,\N,\N,\N,\N,\N,\N,\N,\N,\N
64602,2015-08-24,01天15时22分22秒,\N,资金周转6个月_1508240102,20000,\N,\N,6个月,10.55,\N,\N,\N,\N,按月到期,\N,\N,\N,\N,\N,\N,\N,\N,\N,\N,\N
64603,2015-08-24,01天15时18分52秒,\N,资金周转5天_1508240059,10000,\N,\N,5天,7.3,\N,\N,\N,\N,一次性还款,\N,\N,\N,\N,\N,\N,\N,\N,\N,\N,\N
64604,2015-08-24,01天15时18分05秒,\N,1个月_1508240058,182000,\N,\N,1个月,10.81,\N,\N,\N,\N,按月分期,\N,\N,\N,\N,\N,\N,\N,\N,\N,\N,\N
64605,2015-08-24,01天15时15分47秒,\N,资金周转5天_1508240056,5000,\N,\N,5天,7.3,\N,\N,\N,\N,一次性还款,\N,\N,\N,\N,\N,\N,\N,\N,\N,\N,\N
64606,2015-08-24,00天15时09分42秒,\N,资金周转5天_1508240050,220000,\N,\N,5天,7.3,\N,\N,\N,\N,一次性还款,\N,\N,\N,\N,\N,\N,\N,\N,\N,\N,\N
64607,2015-08-24,00天15时07分04秒,\N,资金周转9天_1508240047,10000,\N,\N,9天,7.3,\N,\N,\N,\N,一次性还款,\N,\N,\N,\N,\N,\N,\N,\N,\N,\N,\N
64608,2015-08-24,01天15时05分17秒,\N,资金周转1个月_1508240045,10000,\N,\N,1个月,10,\N,\N,\N,\N,按月分期,\N,\N,\N,\N,\N,\N,\N,\N,\N,\N,\N
64609,2015-08-24,00天15时01分56秒,\N,资金周转5天_1508240042,20000,\N,\N,5天,7.3,\N,\N,\N,\N,一次性还款,\N,\N,\N,\N,\N,\N,\N,\N,\N,\N,\N
64610,2015-08-24,01天15时01分39秒,\N,资金周转12个月_1508240042,8000,\N,\N,12个月,10.3,\N,\N,\N,\N,按月分期,\N,\N,\N,\N,\N,\N,\N,\N,\N,\N,\N
64611,2015-08-24,01天15时01分11秒,\N,资金周转1个月_1508240041,62954.59,\N,\N,1个月,10.8,\N,\N,\N,\N,按月分期,\N,\N,\N,\N,\N,\N,\N,\N,\N,\N,\N
64612,2015-08-24,00天14时58分12秒,\N,资金周转5天_1508240039,30000,\N,\N,5天,7.3,\N,\N,\N,\N,一次性还款,\N,\N,\N,\N,\N,\N,\N,\N,\N,\N,\N
64613,2015-08-24,01天14时54分28秒,\N,资金周转1个月_1508240035,100000,\N,\N,1个月,10.72,\N,\N,\N,\N,按月分期,\N,\N,\N,\N,\N,\N,\N,\N,\N,\N,\N
64614,2015-08-24,01天14时53分05秒,\N,资金周转1个月_1508240034,15000,\N,\N,1个月,10.71,\N,\N,\N,\N,按月分期,\N,\N,\N,\N,\N,\N,\N,\N,\N,\N,\N
64615,2015-08-24,01天14时45分55秒,\N,资金周转9天_1508240026,20000,\N,\N,9天,7.3,\N,\N,\N,\N,一次性还款,\N,\N,\N,\N,\N,\N,\N,\N,\N,\N,\N
64616,2015-08-24,01天14时45分36秒,\N,资金周转1个月_1508240026,16000,\N,\N,1个月,10.26,\N,\N,\N,\N,按月到期,\N,\N,\N,\N,\N,\N,\N,\N,\N,\N,\N
64617,2015-08-24,01天14时44分25秒,\N,资金周转1个月_1508240025,384000,\N,\N,1个月,10.74,\N,\N,\N,\N,按月分期,\N,\N,\N,\N,\N,\N,\N,\N,\N,\N,\N
64618,2015-08-24,01天14时43分35秒,\N,资金周转1个月_1508240024,50000,\N,\N,1个月,10.42,\N,\N,\N,\N,按月到期,\N,\N,\N,\N,\N,\N,\N,\N,\N,\N,\N
64619,2015-08-24,00天14时39分58秒,\N,资金周转6天_1508240021,5449.05,\N,\N,6天,7.3,\N,\N,\N,\N,一次性还款,\N,\N,\N,\N,\N,\N,\N,\N,\N,\N,\N
64620,2015-08-24,00天14时39分39秒,\N,资金周转5天_1508240020,12300,\N,\N,5天,7.3,\N,\N,\N,\N,一次性还款,\N,\N,\N,\N,\N,\N,\N,\N,\N,\N,\N
64621,2015-08-24,00天14时36分29秒,\N,资金周转15天_1508240017,10000,\N,\N,15天,7.3,\N,\N,\N,\N,一次性还款,\N,\N,\N,\N,\N,\N,\N,\N,\N,\N,\N
64622,2015-08-24,01天14时35分10秒,\N,资金周转1个月_1508240016,5000,\N,\N,1个月,10.01,\N,\N,\N,\N,按月分期,\N,\N,\N,\N,\N,\N,\N,\N,\N,\N,\N
64623,2015-08-24,01天14时34分01秒,\N,资金周转1个月_1508240015,50000,\N,\N,1个月,10.5,\N,\N,\N,\N,按月分期,\N,\N,\N,\N,\N,\N,\N,\N,\N,\N,\N
64624,\N,00天14时33分42秒,\N,中午12点前还款，V5信誉,23000,\N,\N,5天,7.3,\N,\N,\N,\N,一次性还款,\N,\N,\N,\N,\N,\N,\N,\N,\N,\N,\N
64625,2015-08-24,00天14时31分51秒,\N,资金周转7天_1508240013,50000,\N,\N,7天,7.3,\N,\N,\N,\N,一次性还款,\N,\N,\N,\N,\N,\N,\N,\N,\N,\N,\N
64626,2015-08-24,00天14时31分12秒,\N,资金周转5天_1508240013,10000,\N,\N,5天,7.3,\N,\N,\N,\N,一次性还款,\N,\N,\N,\N,\N,\N,\N,\N,\N,\N,\N
64627,2015-08-24,01天14时30分52秒,\N,资金周转1个月_1508240012,50000,\N,\N,1个月,10.6,\N,\N,\N,\N,按月分期,\N,\N,\N,\N,\N,\N,\N,\N,\N,\N,\N
64628,2015-08-24,01天14时30分06秒,\N,资金周转1个月_1508240011,50000,\N,\N,1个月,10.71,\N,\N,\N,\N,按月分期,\N,\N,\N,\N,\N,\N,\N,\N,\N,\N,\N
64629,2015-08-24,01天14时29分40秒,\N,资金周转1个月_1508240011,53350,\N,\N,1个月,10.52,\N,\N,\N,\N,按月分期,\N,\N,\N,\N,\N,\N,\N,\N,\N,\N,\N
64630,2015-08-24,00天14时28分32秒,\N,资金周转17天_1508240010,5000,\N,\N,17天,3.65,\N,\N,\N,\N,一次性还款,\N,\N,\N,\N,\N,\N,\N,\N,\N,\N,\N
64631,2015-08-24,01天14时26分15秒,\N,资金周转1个月_1508240008,40000,\N,\N,1个月,10.67,\N,\N,\N,\N,按月分期,\N,\N,\N,\N,\N,\N,\N,\N,\N,\N,\N
64632,2015-08-24,00天14时25分47秒,\N,资金周转5天_1508240008,10000,\N,\N,5天,7.3,\N,\N,\N,\N,一次性还款,\N,\N,\N,\N,\N,\N,\N,\N,\N,\N,\N
64633,2015-08-24,02天14时25分43秒,\N,资金周转7个月_1508240008,50000,\N,\N,7个月,10.01,\N,\N,\N,\N,按月到期,\N,\N,\N,\N,\N,\N,\N,\N,\N,\N,\N
64634,2015-08-24,00天14时25分37秒,\N,资金周转21天_1508240008,50000,\N,\N,21天,7.3,\N,\N,\N,\N,一次性还款,\N,\N,\N,\N,\N,\N,\N,\N,\N,\N,\N
64635,2015-08-24,00天14时24分54秒,\N,资金周转1个月_1508240007,99200,\N,\N,1个月,10.68,\N,\N,\N,\N,按月分期,\N,\N,\N,\N,\N,\N,\N,\N,\N,\N,\N
64636,2015-08-24,01天14时24分43秒,\N,资金周转1个月_1508240007,100000,\N,\N,1个月,10.78,\N,\N,\N,\N,按月分期,\N,\N,\N,\N,\N,\N,\N,\N,\N,\N,\N
64637,2015-08-24,01天14时24分24秒,\N,资金周转1个月_1508240007,30000,\N,\N,1个月,10.6,\N,\N,\N,\N,按月分期,\N,\N,\N,\N,\N,\N,\N,\N,\N,\N,\N
64638,2015-08-24,01天14时24分00秒,\N,资金周转1个月_1508240007,50000,\N,\N,1个月,10.66,\N,\N,\N,\N,按月分期,\N,\N,\N,\N,\N,\N,\N,\N,\N,\N,\N
64639,2015-08-24,01天14时22分56秒,\N,资金周转1个月_1508240006,20000,\N,\N,1个月,10.66,\N,\N,\N,\N,按月分期,\N,\N,\N,\N,\N,\N,\N,\N,\N,\N,\N
64640,2015-08-24,01天14时22分46秒,\N,资金周转5天_1508240006,150000,\N,\N,5天,7.3,\N,\N,\N,\N,一次性还款,\N,\N,\N,\N,\N,\N,\N,\N,\N,\N,\N
64641,2015-08-24,00天14时22分34秒,\N,资金周转5天_1508240006,5000,\N,\N,5天,3.65,\N,\N,\N,\N,一次性还款,\N,\N,\N,\N,\N,\N,\N,\N,\N,\N,\N
64642,2015-08-24,01天14时21分51秒,\N,资金周转1个月_1508240004,7500,\N,\N,1个月,10.2,\N,\N,\N,\N,按月分期,\N,\N,\N,\N,\N,\N,\N,\N,\N,\N,\N
64643,2015-08-24,01天14时21分37秒,\N,1个月_1508240005,92300,\N,\N,1个月,10,\N,\N,\N,\N,按月分期,\N,\N,\N,\N,\N,\N,\N,\N,\N,\N,\N
64644,2015-08-24,01天14时21分31秒,\N,1个月_1508240005,30000,\N,\N,1个月,10.51,\N,\N,\N,\N,按月分期,\N,\N,\N,\N,\N,\N,\N,\N,\N,\N,\N
64645,2015-08-24,01天14时21分21秒,\N,1个月_1508240005,95000,\N,\N,1个月,10.65,\N,\N,\N,\N,按月分期,\N,\N,\N,\N,\N,\N,\N,\N,\N,\N,\N
64646,2015-08-24,01天14时21分15秒,\N,资金周转1个月_1508240004,30000,\N,\N,1个月,10.6,\N,\N,\N,\N,按月分期,\N,\N,\N,\N,\N,\N,\N,\N,\N,\N,\N
64647,2015-08-24,00天14时20分40秒,\N,资金周转5天_1508240004,200000,\N,\N,5天,7.3,\N,\N,\N,\N,一次性还款,\N,\N,\N,\N,\N,\N,\N,\N,\N,\N,\N
64648,2015-08-24,01天14时20分16秒,\N,1个月_1508240003,50000,\N,\N,1个月,10.06,\N,\N,\N,\N,按月分期,\N,\N,\N,\N,\N,\N,\N,\N,\N,\N,\N
64649,2015-08-24,01天14时19分18秒,\N,资金周转6个月_1508240002,100000,\N,\N,6个月,10.5,\N,\N,\N,\N,按月到期,\N,\N,\N,\N,\N,\N,\N,\N,\N,\N,\N
64650,2015-08-24,01天14时19分14秒,\N,资金周转1个月_1508240002,18000,\N,\N,1个月,10.6,\N,\N,\N,\N,按月分期,\N,\N,\N,\N,\N,\N,\N,\N,\N,\N,\N
64651,2015-08-24,01天14时18分39秒,\N,资金周转1个月_1508240002,3000,\N,\N,1个月,10.36,\N,\N,\N,\N,按月分期,\N,\N,\N,\N,\N,\N,\N,\N,\N,\N,\N
64652,2015-08-24,00天14时18分01秒,\N,资金周转5天_1508240001,10100,\N,\N,5天,7.3,\N,\N,\N,\N,一次性还款,\N,\N,\N,\N,\N,\N,\N,\N,\N,\N,\N
64653,2015-08-23,00天14时15分32秒,\N,资金周转11天_1508232359,30000,\N,\N,11天,7.3,\N,\N,\N,\N,一次性还款,\N,\N,\N,\N,\N,\N,\N,\N,\N,\N,\N
64654,2015-08-23,01天14时12分28秒,\N,资金周转1个月_1508232356,20000,\N,\N,1个月,10.6,\N,\N,\N,\N,按月分期,\N,\N,\N,\N,\N,\N,\N,\N,\N,\N,\N
64655,2015-08-23,01天14时11分48秒,\N,资金周转1个月_1508232355,40000,\N,\N,1个月,10.56,\N,\N,\N,\N,按月分期,\N,\N,\N,\N,\N,\N,\N,\N,\N,\N,\N
64656,2015-08-23,01天14时11分38秒,\N,资金周转1个月_1508232355,50000,\N,\N,1个月,10.18,\N,\N,\N,\N,按月分期,\N,\N,\N,\N,\N,\N,\N,\N,\N,\N,\N
64657,2015-08-23,00天14时11分07秒,\N,资金周转5天_1508232355,50000,\N,\N,5天,7.3,\N,\N,\N,\N,一次性还款,\N,\N,\N,\N,\N,\N,\N,\N,\N,\N,\N
64658,2015-08-23,00天14时10分52秒,\N,资金周转5天_1508232353,20000,\N,\N,5天,7.3,\N,\N,\N,\N,一次性还款,\N,\N,\N,\N,\N,\N,\N,\N,\N,\N,\N
64659,2015-08-23,00天14时10分49秒,\N,资金周转11天_1508232349,30000,\N,\N,11天,7.3,\N,\N,\N,\N,一次性还款,\N,\N,\N,\N,\N,\N,\N,\N,\N,\N,\N
64660,2015-08-23,04天14时09分52秒,\N,资金周转1个月_1508232353,30000,\N,\N,1个月,10.1,\N,\N,\N,\N,按月分期,\N,\N,\N,\N,\N,\N,\N,\N,\N,\N,\N
64661,2015-08-23,01天14时09分26秒,\N,资金周转1个月_1508232353,600000,\N,\N,1个月,10.51,\N,\N,\N,\N,按月分期,\N,\N,\N,\N,\N,\N,\N,\N,\N,\N,\N
64662,2015-08-23,01天14时06分54秒,\N,资金周转1个月_1508232351,5000,\N,\N,1个月,5,\N,\N,\N,\N,按月分期,\N,\N,\N,\N,\N,\N,\N,\N,\N,\N,\N
64663,2015-08-23,01天14时01分28秒,\N,资金周转1个月_1508232345,10000,\N,\N,1个月,10,\N,\N,\N,\N,按月分期,\N,\N,\N,\N,\N,\N,\N,\N,\N,\N,\N
64664,2015-08-23,01天13时59分02秒,\N,资金周转17天_1508232343,13500,\N,\N,17天,7.3,\N,\N,\N,\N,一次性还款,\N,\N,\N,\N,\N,\N,\N,\N,\N,\N,\N
64665,2015-08-23,00天13时58分42秒,\N,资金周转5天_1508232343,5000,\N,\N,5天,3.65,\N,\N,\N,\N,一次性还款,\N,\N,\N,\N,\N,\N,\N,\N,\N,\N,\N
64666,2015-08-23,01天13时48分03秒,\N,资金周转1个月_1508232332,23634,\N,\N,1个月,10.15,\N,\N,\N,\N,按月分期,\N,\N,\N,\N,\N,\N,\N,\N,\N,\N,\N
64667,2015-08-23,01天13时45分55秒,\N,资金周转1个月_1508232330,25000,\N,\N,1个月,10.25,\N,\N,\N,\N,按月分期,\N,\N,\N,\N,\N,\N,\N,\N,\N,\N,\N
64668,2015-08-23,01天13时43分52秒,\N,资金周转11个月_1508232328,130000,\N,\N,11个月,10.51,\N,\N,\N,\N,按月到期,\N,\N,\N,\N,\N,\N,\N,\N,\N,\N,\N
64669,2015-08-23,01天13时40分58秒,\N,资金周转1个月_1508232325,100000,\N,\N,1个月,10.4,\N,\N,\N,\N,按月分期,\N,\N,\N,\N,\N,\N,\N,\N,\N,\N,\N
64670,2015-08-23,01天13时38分58秒,\N,资金周转22天_1508232323,4500,\N,\N,22天,7.3,\N,\N,\N,\N,一次性还款,\N,\N,\N,\N,\N,\N,\N,\N,\N,\N,\N
64671,2015-08-23,01天13时34分28秒,\N,资金周转8天上午10点还款_1508232318,6000,\N,\N,8天,3.65,\N,\N,\N,\N,一次性还款,\N,\N,\N,\N,\N,\N,\N,\N,\N,\N,\N
64672,2015-08-23,01天13时24分31秒,\N,资金周转1个月_1508232309,7400,\N,\N,1个月,10.38,\N,\N,\N,\N,按月分期,\N,\N,\N,\N,\N,\N,\N,\N,\N,\N,\N
64673,2015-08-23,01天13时19分27秒,\N,资金周转3个月_1508232304,26800,\N,\N,3个月,10.08,\N,\N,\N,\N,按月到期,\N,\N,\N,\N,\N,\N,\N,\N,\N,\N,\N
64674,2015-08-23,01天13时12分17秒,\N,资金周转1个月_1508232257,10000,\N,\N,1个月,10,\N,\N,\N,\N,按月分期,\N,\N,\N,\N,\N,\N,\N,\N,\N,\N,\N
64675,2015-08-23,01天13时09分22秒,\N,资金周转11个月_1508232254,5000,\N,\N,11个月,10.11,\N,\N,\N,\N,按月到期,\N,\N,\N,\N,\N,\N,\N,\N,\N,\N,\N
64676,\N,01天13时06分24秒,\N,"9月14日还，有积分,",10000,\N,\N,1个月,5.6,\N,\N,\N,\N,按月分期,\N,\N,\N,\N,\N,\N,\N,\N,\N,\N,\N
64677,2015-08-23,00天13时03分41秒,\N,资金周转5天_1508232248,5000,\N,\N,5天,3.65,\N,\N,\N,\N,一次性还款,\N,\N,\N,\N,\N,\N,\N,\N,\N,\N,\N
64678,\N,01天12时55分10秒,\N,约标9.15还款,20000,\N,\N,1个月,6,\N,\N,\N,\N,按月分期,\N,\N,\N,\N,\N,\N,\N,\N,\N,\N,\N
64679,\N,01天12时53分28秒,\N,白天还款，信用无价,50525,\N,\N,6个月,10.55,\N,\N,\N,\N,按月到期,\N,\N,\N,\N,\N,\N,\N,\N,\N,\N,\N
64680,2015-08-23,01天12时49分39秒,\N,1个月_1508232235,500,\N,\N,1个月,8.5,\N,\N,\N,\N,按月分期,\N,\N,\N,\N,\N,\N,\N,\N,\N,\N,\N
64681,2015-08-22,00天10时37分22秒,\N,资金周转5天_1508222022,500,\N,\N,5天,3.65,\N,\N,\N,\N,一次性还款,\N,\N,\N,\N,\N,\N,\N,\N,\N,\N,\N
64682,2015-08-22,02天10时07分14秒,\N,1个月_1508221952,5000,\N,\N,1个月,7.4,\N,\N,\N,\N,按月分期,\N,\N,\N,\N,\N,\N,\N,\N,\N,\N,\N
64683,\N,00天08时34分00秒,\N,借点学费,1000,\N,\N,1个月,5,\N,\N,\N,\N,按月分期,\N,\N,\N,\N,\N,\N,\N,\N,\N,\N,\N
64684,2015-08-22,00天08时32分20秒,\N,资金周转1个月_1508221817,5000,\N,\N,1个月,5,\N,\N,\N,\N,按月分期,\N,\N,\N,\N,\N,\N,\N,\N,\N,\N,\N
64685,\N,00天08时28分58秒,\N,资金周转,5000,\N,\N,1个月,5,\N,\N,\N,\N,按月分期,\N,\N,\N,\N,\N,\N,\N,\N,\N,\N,\N
64686,2015-08-22,03天08时14分56秒,\N,资金周转1个月_1508221800,10000,\N,\N,1个月,5,\N,\N,\N,\N,按月分期,\N,\N,\N,\N,\N,\N,\N,\N,\N,\N,\N
64687,2015-08-22,00天07时53分16秒,\N,1个月_1508221738,50000,\N,\N,1个月,7.3,\N,\N,\N,\N,按月到期,\N,\N,\N,\N,\N,\N,\N,\N,\N,\N,\N
64688,2015-08-22,00天07时14分22秒,\N,资金周转2个月_1508221659,50000,\N,\N,2个月,10,\N,\N,\N,\N,按月到期,\N,\N,\N,\N,\N,\N,\N,\N,\N,\N,\N
64689,2015-08-22,00天06时49分18秒,\N,1个月_1508221635,10000,\N,\N,1个月,10.08,\N,\N,\N,\N,按月分期,\N,\N,\N,\N,\N,\N,\N,\N,\N,\N,\N
64690,2015-08-22,00天06时06分25秒,\N,11个月_1508221551,13000,\N,\N,11个月,10,\N,\N,\N,\N,按月分期,\N,\N,\N,\N,\N,\N,\N,\N,\N,\N,\N
64691,2015-08-22,00天02时23分51秒,\N,资金周转2个月_1508221209,9800,\N,\N,2个月,9.3,\N,\N,\N,\N,按月到期,\N,\N,\N,\N,\N,\N,\N,\N,\N,\N,\N
64692,2015-08-22,03天01时13分05秒,\N,生活周转9个月_1508221058,6000,\N,\N,9个月,8,\N,\N,\N,\N,按季分期,\N,\N,\N,\N,\N,\N,\N,\N,\N,\N,\N
64693,2015-08-22,00天01时10分15秒,\N,资金周转1个月_1508221056,10000,\N,\N,1个月,5,\N,\N,\N,\N,按月分期,\N,\N,\N,\N,\N,\N,\N,\N,\N,\N,\N
64694,2015-08-22,01天21时08分45秒,\N,资金周转1个月_1508220654,5000,\N,\N,1个月,9.4,\N,\N,\N,\N,按月分期,\N,\N,\N,\N,\N,\N,\N,\N,\N,\N,\N
64695,\N,02天16时09分14秒,\N,【不提现借款 到期早上8点还款】,19735,\N,\N,3个月,5.35,\N,\N,\N,\N,按季分期,\N,\N,\N,\N,\N,\N,\N,\N,\N,\N,\N
64696,2015-08-21,02天12时52分54秒,\N,资金周转6个月_1508212238,200000,\N,\N,6个月,10.25,\N,\N,\N,\N,按月到期,\N,\N,\N,\N,\N,\N,\N,\N,\N,\N,\N
64697,2015-08-21,02天12时37分59秒,\N,资金周转6个月_1508212223,98400,\N,\N,6个月,10,\N,\N,\N,\N,按月到期,\N,\N,\N,\N,\N,\N,\N,\N,\N,\N,\N
64698,2015-08-21,00天11时44分21秒,\N,资金周转12个月_1508212130,50000,\N,\N,12个月,9.9,\N,\N,\N,\N,按月到期,\N,\N,\N,\N,\N,\N,\N,\N,\N,\N,\N
64699,2015-08-21,02天09时45分01秒,\N,6个月_1508211931,7000,\N,\N,6个月,7.7,\N,\N,\N,\N,按月分期,\N,\N,\N,\N,\N,\N,\N,\N,\N,\N,\N
64700,2015-08-20,01天19时18分53秒,\N,1个月_1508210504,100000,\N,\N,1个月,5,\N,\N,\N,\N,按月分期,\N,\N,\N,\N,\N,\N,\N,\N,\N,\N,\N
64701,2015-08-20,00天13时37分02秒,\N,资金周转5个月_1508202323,20000,\N,\N,5个月,7.3,\N,\N,\N,\N,按月分期,\N,\N,\N,\N,\N,\N,\N,\N,\N,\N,\N
64702,2015-08-20,01天13时00分15秒,\N,1个月_1508202245,7700,\N,\N,1个月,5,\N,\N,\N,\N,按月分期,\N,\N,\N,\N,\N,\N,\N,\N,\N,\N,\N
64703,\N,01天04时08分19秒,\N,短期资金周转,10000,\N,\N,1个月,5,\N,\N,\N,\N,按月分期,\N,\N,\N,\N,\N,\N,\N,\N,\N,\N,\N
64704,\N,01天03时04分11秒,\N,超快速还款，资金周转1个月！,800,\N,\N,1个月,7.8,\N,\N,\N,\N,按月分期,\N,\N,\N,\N,\N,\N,\N,\N,\N,\N,\N
64705,2015-08-20,01天02时55分58秒,\N,1个月_1508201243,5000,\N,\N,1个月,6,\N,\N,\N,\N,按月分期,\N,\N,\N,\N,\N,\N,\N,\N,\N,\N,\N
64706,\N,00天09时28分51秒,\N,【资金周转 承诺早上9点前还款】,19535,\N,\N,3个月,5.35,\N,\N,\N,\N,按季分期,\N,\N,\N,\N,\N,\N,\N,\N,\N,\N,\N
